{"flutter":{"platforms":{"android":{"default":{"projectId":"fyplogin-fcdfd","appId":"1:68583673381:android:7e66c710273a77355c39cc","fileOutput":"android/app/google-services.json"}},"dart":{"lib/firebase_options.dart":{"projectId":"fyplogin-fcdfd","configurations":{"android":"1:68583673381:android:7e66c710273a77355c39cc","ios":"1:68583673381:ios:bbaa3665163ee88c5c39cc","macos":"1:68583673381:ios:bbaa3665163ee88c5c39cc","web":"1:68583673381:web:170438521b26d6455c39cc","windows":"1:68583673381:web:9cebf97c1fbe7d865c39cc"}}}}}}